Workbook

Sheet List
A1: Brand | B1: Model | C1: Rank | D1: Score | E1: Type | F1: Tags | G1: Comment | H1: Pros | I1: Cons | J1: Notes | K1: Comment_KR | L1: Pros_KR | M1: Cons_KR | N1: Notes_KR
A2: GrinEar | B2: Reference | C2: S | D2: =IFERROR(VLOOKUP(C2,Guide!$A$4:$B$13,2,FALSE),"") | E2: Hybrid | F2: Personal Collection, Reference | G2: Reference sound with a neutral tilt. | H2: Even tonality Excellent detail retrieval | I2: Fit may be shallow for small ears | J2: Measured with a stock silicone tip. | K2: 레퍼런스 사운드에 가까운 중립적인 튜닝. | L2: 고른 음색 뛰어난 디테일 | M2: 귀가 작으면 착용감이 얕을 수 있음 | N2: 기본 실리콘 팁으로 측정했습니다.
A3: TrueEar | B3: Projekt Wen | C3: A | D3: =IFERROR(VLOOKUP(C3,Guide!$A$4:$B$13,2,FALSE),"") | E3: Hybrid | F3: Budget | G3: Warm and forgiving. | H3: Smooth treble | I3: Soft sub-bass | K3: 따뜻하고 편안한 소리. | L3: 부드러운 고음 | M3: 서브베이스가 약함
A4: LX | B4: Whatever | C4: F | D4: =IFERROR(VLOOKUP(C4,Guide!$A$4:$B$13,2,FALSE),"") | E4: Hybrid | G4: Not recommended. | I4: Peaky upper midrange Poor build quality | K4: 추천하지 않습니다. | M4: 중고음 피크 낮은 빌드 품질

Sheet Guide
A1: Rank scale
A2: Best first. Editing this table updates the Score column and the Stats sheet.
A3: Value | B3: Worth | C3: Color
A4: S | B4: 5 | C4: #6c63ff
A5: A+ | B5: 4.5 | C5: #00bfae
A6: A | B6: 4 | C6: #00bfff
A7: B+ | B7: 3.5 | C7: #4caf50
A8: B | B8: 3 | C8: #8bc34a
A9: C+ | B9: 2.5 | C9: #ffb347
A10: C | B10: 2 | C10: #ffc107
A11: D+ | B11: 1.5 | C11: #ff9800
A12: D | B12: 1 | C12: #ff5722
A13: F | B13: 0 | C13: #b71c1c
A15: How to write a review
A17: Every part of a review has its own column. There is no markup to learn:
A18: type into the column you want and leave the rest blank.
A20: Brand — Maker. Half of the card heading.
A21: Model — Model name. The other half.
A22: Rank — One of the values in the scale table above.
A23: Score — Filled in by formula from the scale. Overwrite it to score by hand.
A24: Type — Hybrid, DD, BA, planar. Becomes a chip and a filter.
A25: Tags — Comma separated. Shown as pills, and searchable.
A26: Comment — The main paragraph.
A27: Pros — A green block. Alt+Enter for one point per line.
A28: Cons — A red block. Alt+Enter for one point per line.
... A47: Build a config from a form: https://potatosalad775.github.io/squigRanking/docs/config-editor/

Sheet Stats
A1: How the list breaks down
A2: Counts update as you fill in the List sheet.
A4: Rank | B4: Devices
A5: =Guide!A4 | B5: =COUNTIF(List!$C$2:$C$1000,A5)
A6: =Guide!A5 | B6: =COUNTIF(List!$C$2:$C$1000,A6)
A7: =Guide!A6 | B7: =COUNTIF(List!$C$2:$C$1000,A7)
A8: =Guide!A7 | B8: =COUNTIF(List!$C$2:$C$1000,A8)
A9: =Guide!A8 | B9: =COUNTIF(List!$C$2:$C$1000,A9)
A10: =Guide!A9 | B10: =COUNTIF(List!$C$2:$C$1000,A10)
A11: =Guide!A10 | B11: =COUNTIF(List!$C$2:$C$1000,A11)
A12: =Guide!A11 | B12: =COUNTIF(List!$C$2:$C$1000,A12)
A13: =Guide!A12 | B13: =COUNTIF(List!$C$2:$C$1000,A13)
A14: =Guide!A13 | B14: =COUNTIF(List!$C$2:$C$1000,A14)
A16: Total | B16: =SUM(B5:B14)
A17: Average | B17: =IFERROR(SUMPRODUCT(B5:B14,Guide!B4:B13)/SUM(B5:B14),"")
